episode,reward,length,loss
1,-19,30,-109.59249877929688
2,3,8,29.514419555664062
3,-2,13,29.263906478881836
4,0,11,31.284339904785156
5,7,4,10.344919204711914
6,7,4,9.579656600952148
7,7,4,8.778691291809082
8,6,5,16.040597915649414
9,5,6,22.515296936035156
10,7,4,6.69426155090332
11,7,4,6.119245529174805
12,3,8,27.486976623535156
13,5,6,20.530733108520508
14,7,4,4.810171127319336
15,5,6,20.68045997619629
16,7,4,4.211832046508789
17,3,8,29.263103485107422
18,7,4,3.7636046409606934
19,7,4,3.5683436393737793
20,7,4,3.357670307159424
21,7,4,3.1379547119140625
22,5,6,23.346267700195312
23,5,6,24.50812530517578
24,5,6,23.69432258605957
25,7,4,2.725424289703369
26,7,4,2.6991162300109863
27,7,4,2.6487839221954346
28,5,6,23.735319137573242
29,7,4,2.5595145225524902
30,7,4,2.5182666778564453
31,7,4,2.457120418548584
32,7,4,2.3792810440063477
33,7,4,2.2879931926727295
34,5,6,25.786027908325195
35,7,4,2.1626877784729004
36,7,4,2.122342109680176
37,7,4,2.0677056312561035
38,7,4,2.00119686126709
39,7,4,1.9251737594604492
40,7,4,1.8419405221939087
41,7,4,1.7536914348602295
42,7,4,1.6621098518371582
43,5,6,25.10979461669922
44,7,4,1.5284218788146973
45,7,4,1.4813809394836426
46,7,4,1.427923560142517
47,7,4,1.3695619106292725
48,7,4,1.306488275527954
49,7,4,1.2410157918930054
50,7,4,1.1744849681854248
51,7,4,1.1079678535461426
52,7,4,1.0414104461669922
53,7,4,0.9763438701629639
54,7,4,0.913448691368103
55,5,6,27.59494400024414
56,7,4,0.8392646908760071
57,7,4,0.8219231367111206
58,7,4,0.8016992211341858
59,7,4,0.7790985107421875
60,7,4,0.7546083927154541
61,7,4,0.7286880016326904
62,7,4,0.701761782169342
63,7,4,0.6742134690284729
64,7,4,0.646385908126831
65,7,4,0.6185741424560547
66,7,4,0.5910331606864929
67,7,4,0.5639761686325073
68,7,4,0.5375763177871704
69,7,4,0.5119670629501343
70,7,4,0.48725810647010803
71,7,4,0.46352413296699524
72,7,4,0.4408142566680908
73,7,4,0.4191603660583496
74,7,4,0.39857470989227295
75,7,4,0.3790520131587982
76,7,4,0.3605794310569763
77,7,4,0.34313201904296875
78,7,4,0.32667818665504456
79,7,4,0.31117716431617737
80,7,4,0.29658734798431396
81,7,4,0.28286707401275635
82,6,5,24.774450302124023
83,7,4,0.2756642997264862
84,7,4,0.2800571322441101
85,7,4,0.28320008516311646
86,7,4,0.28515127301216125
87,7,4,0.2859867215156555
88,7,4,0.28578922152519226
89,7,4,0.28464818000793457
90,7,4,0.2826554775238037
91,7,4,0.27990496158599854
92,7,4,0.27648699283599854
93,7,4,0.27249208092689514
94,7,4,0.26800423860549927
95,7,4,0.2631056308746338
96,7,4,0.25787049531936646
97,7,4,0.2523665428161621
98,7,4,0.24665896594524384
99,7,4,0.24080324172973633
100,7,4,0.23484966158866882
101,7,4,0.22884300351142883
102,7,4,0.22282418608665466
103,7,4,0.21682657301425934
104,7,4,0.21087834239006042
105,7,4,0.20497608184814453
106,7,4,0.19887226819992065
107,7,4,0.1928037405014038
108,7,4,0.18682529032230377
109,7,4,0.18097370862960815
110,7,4,0.17527061700820923
111,7,4,0.1697322130203247
112,7,4,0.16436731815338135
113,7,4,0.15918684005737305
114,7,4,0.1541890799999237
115,7,4,0.1493777334690094
116,7,4,0.14475266635417938
117,7,4,0.14031048119068146
118,7,4,0.13604676723480225
119,7,4,0.13195869326591492
120,7,4,0.12803961336612701
121,7,4,0.12428551912307739
122,7,4,0.12069020420312881
123,7,4,0.11724573373794556
124,7,4,0.1139494776725769
125,7,4,0.1107923611998558
126,7,4,0.1077691912651062
127,7,4,0.10487406700849533
128,7,4,0.10210054367780685
129,7,4,0.09944356977939606
130,7,4,0.09689787030220032
131,7,4,0.09445718675851822
132,7,4,0.09211647510528564
133,7,4,0.08987073600292206
134,7,4,0.08771597594022751
135,7,4,0.08564721047878265
136,7,4,0.08366091549396515
137,7,4,0.08175134658813477
138,7,4,0.07991576194763184
139,7,4,0.07815153151750565
140,7,4,0.07645297050476074
141,7,4,0.07481788098812103
142,7,4,0.07324269413948059
143,7,4,0.07172539830207825
144,7,4,0.07026360929012299
145,7,4,0.0688520222902298
146,7,4,0.06749056279659271
147,7,4,0.06617509573698044
148,7,4,0.06490474939346313
149,7,4,0.06367936730384827
150,7,4,0.0624917671084404
151,7,4,0.0613444522023201
152,7,4,0.06023302674293518
153,7,4,0.0591588169336319
154,7,4,0.05811629071831703
155,7,4,0.05710761994123459
156,7,4,0.056129224598407745
157,7,4,0.05517963320016861
158,7,4,0.05425795912742615
159,7,4,0.05336453765630722
160,7,4,0.052496906369924545
161,7,4,0.051653388887643814
162,7,4,0.05083339288830757
163,7,4,0.05003669857978821
164,7,4,0.04926270991563797
165,7,4,0.04850783199071884
166,7,4,0.047774191945791245
167,7,4,0.04705911502242088
168,7,4,0.04636327177286148
169,7,4,0.04568532481789589
170,7,4,0.045024871826171875
171,7,4,0.0443807877600193
172,7,4,0.0437532477080822
173,7,4,0.04313974827528
174,5,6,59.111515045166016
175,7,4,0.04934900999069214
176,7,4,0.05637089163064957
177,7,4,0.06349863111972809
178,7,4,0.07061674445867538
179,7,4,0.07762107998132706
180,7,4,0.0844113752245903
181,7,4,0.09090349078178406
182,7,4,0.09702187776565552
183,7,4,0.10270766913890839
184,7,4,0.10791153460741043
185,7,4,0.11260590702295303
186,7,4,0.11676743626594543
187,7,4,0.12038958072662354
188,7,4,0.12347207963466644
189,7,4,0.126026451587677
190,7,4,0.1280696988105774
191,7,4,0.12962543964385986
192,7,4,0.1307225525379181
193,7,4,0.13139037787914276
194,7,4,0.13166065514087677
195,7,4,0.13156935572624207
196,7,4,0.1311511993408203
197,7,4,0.13043896853923798
198,7,4,0.12946456670761108
199,7,4,0.12826251983642578
200,7,4,0.1268603801727295
201,7,4,0.12528814375400543
202,7,4,0.12357114255428314
203,7,4,0.12173382192850113
204,7,4,0.11979962885379791
205,7,4,0.1177864819765091
206,7,4,0.1157149150967598
207,7,4,0.11359938979148865
208,7,4,0.11145421862602234
209,7,4,0.10929303616285324
210,7,4,0.10712617635726929
211,7,4,0.1049649715423584
212,7,4,0.10281537473201752
213,7,4,0.10068503022193909
214,7,4,0.09858092665672302
215,7,4,0.09650799632072449
216,7,4,0.09446943551301956
217,7,4,0.09247002005577087
218,7,4,0.09051016718149185
219,7,4,0.08859369903802872
220,7,4,0.08672302216291428
221,7,4,0.08489691466093063
222,7,4,0.08311678469181061
223,7,4,0.08138373494148254
224,7,4,0.07969696074724197
225,7,4,0.0780567079782486
226,7,4,0.07646284252405167
227,7,4,0.07491469383239746
228,7,4,0.07340966165065765
229,5,6,46.928951263427734
230,7,4,0.08310124278068542
231,7,4,0.0944458544254303
232,6,5,30.30991554260254
233,7,4,0.13043934106826782
234,7,4,0.15666091442108154
235,7,4,0.18375757336616516
236,7,4,0.21102821826934814
237,7,4,0.23778250813484192
238,7,4,0.26337069272994995
239,7,4,0.28721868991851807
240,7,4,0.30887269973754883
241,7,4,0.32796770334243774
242,7,4,0.3442447781562805
243,7,4,0.35755908489227295
244,7,4,0.36785781383514404
245,7,4,0.3751823306083679
246,7,4,0.3796490728855133
247,7,4,0.3814331591129303
248,7,4,0.3807588815689087
249,7,4,0.37787699699401855
250,7,4,0.3730570375919342
251,7,4,0.3665618300437927
252,7,4,0.35826313495635986
253,7,4,0.34871476888656616
254,7,4,0.3382205665111542
255,7,4,0.3270452618598938
256,7,4,0.3154141306877136
257,7,4,0.30352306365966797
258,7,4,0.2915375530719757
259,7,4,0.2795960307121277
260,7,4,0.2678110897541046
261,7,4,0.2562716007232666
262,7,4,0.24504947662353516
263,7,4,0.2341974377632141
264,7,4,0.223751962184906
265,7,4,0.21374090015888214
266,7,4,0.20417563617229462
267,7,4,0.1950659602880478
268,7,4,0.18640922009944916
269,7,4,0.17820042371749878
270,7,4,0.1704297810792923
271,7,4,0.1630823016166687
272,7,4,0.15614280104637146
273,7,4,0.14959555864334106
274,7,4,0.14342030882835388
275,7,4,0.1376017928123474
276,7,4,0.132117360830307
277,7,4,0.1269514113664627
278,7,4,0.12208175659179688
279,7,4,0.11749473214149475
280,7,4,0.11317013204097748
281,7,4,0.10909312963485718
282,7,4,0.10524803400039673
283,7,4,0.10162043571472168
284,7,4,0.0981968343257904
285,7,4,0.09495985507965088
286,7,4,0.09190292656421661
287,7,4,0.08900998532772064
288,7,4,0.08627267181873322
289,7,4,0.08368076384067535
290,7,4,0.08122242987155914
291,7,4,0.07889144122600555
292,7,4,0.07667557150125504
293,7,4,0.07456976175308228
294,7,4,0.07256659865379333
295,7,4,0.0706591010093689
296,7,4,0.06884291768074036
297,7,4,0.06711221486330032
298,7,4,0.06545919924974442
299,7,4,0.0638824999332428
300,7,4,0.062375508248806
301,7,4,0.060933806002140045
302,7,4,0.059554919600486755
303,7,4,0.05823344364762306
304,7,4,0.056968290358781815
305,7,4,0.05575299263000488
306,7,4,0.05458880960941315
307,7,4,0.053469397127628326
308,7,4,0.05239235609769821
309,7,4,0.05135854333639145
310,7,4,0.05036181956529617
311,7,4,0.04940231889486313
312,7,4,0.04847729951143265
313,7,4,0.04758583381772041
314,7,4,0.04672643914818764
315,7,4,0.045894525945186615
316,7,4,0.04509175568819046
317,7,4,0.04431605339050293
318,7,4,0.0435660220682621
319,7,4,0.042839597910642624
320,7,4,0.04213603585958481
321,7,4,0.04145560786128044
322,7,4,0.04079378396272659
323,7,4,0.0401536300778389
324,7,4,0.03953305631875992
325,7,4,0.03892902657389641
326,7,4,0.03834332153201103
327,7,4,0.037773944437503815
328,7,4,0.03722090274095535
329,7,4,0.03668224811553955
330,7,4,0.036159321665763855
331,7,4,0.03565032780170441
332,7,4,0.035154059529304504
333,7,4,0.03467131406068802
334,7,4,0.034199707210063934
335,7,4,0.0337408110499382
336,7,4,0.033293649554252625
337,7,4,0.032857879996299744
338,7,4,0.03243197500705719
339,7,4,0.03201652318239212
340,7,4,0.03161066770553589
341,7,4,0.03121447190642357
342,7,4,0.030827336013317108
343,7,4,0.03044958971440792
344,7,4,0.030079642310738564
345,7,4,0.02971900999546051
346,7,4,0.029364047572016716
347,7,4,0.029018010944128036
348,7,4,0.028680961579084396
349,7,4,0.028350038453936577
350,7,4,0.02802438475191593
351,7,4,0.027706783264875412
352,7,4,0.027396703138947487
353,7,4,0.027092553675174713
354,7,4,0.026793334633111954
355,7,4,0.026501107960939407
356,7,4,0.026214338839054108
357,7,4,0.025933030992746353
358,7,4,0.02565765008330345
359,7,4,0.025386925786733627
360,7,4,0.025121133774518967
361,7,4,0.024861730635166168
362,7,4,0.024604927748441696
363,7,4,0.02435510978102684
364,7,4,0.02410869672894478
365,7,4,0.023867465555667877
366,7,4,0.023629698902368546
367,7,4,0.023396262899041176
368,7,4,0.023167289793491364
369,7,4,0.022941377013921738
370,7,4,0.022720584645867348
371,7,4,0.02250279113650322
372,7,4,0.0222894549369812
373,7,4,0.022078584879636765
374,7,4,0.02187277376651764
375,7,4,0.021669425070285797
376,7,4,0.021469537168741226
377,7,4,0.02127271145582199
378,7,4,0.021079879254102707
379,7,4,0.02088910900056362
380,7,4,0.020701801404356956
381,7,4,0.020517554134130478
382,7,4,0.020335834473371506
383,7,4,0.020156513899564743
384,7,4,0.019981250166893005
385,7,4,0.019808117300271988
386,7,4,0.01963684894144535
387,7,4,0.01946963742375374
388,7,4,0.019304489716887474
389,7,4,0.019140275195240974
390,7,4,0.018980184569954872
391,7,4,0.018822554498910904
392,7,4,0.018666328862309456
393,7,4,0.018512096256017685
394,7,4,0.018361985683441162
395,7,4,0.018212009221315384
396,7,4,0.01806483045220375
397,7,4,0.017919247969985008
398,7,4,0.01777579076588154
399,7,4,0.017635328695178032
400,7,4,0.01749579980969429
401,7,4,0.0173582024872303
402,7,4,0.017224261537194252
403,7,4,0.017089853063225746
404,7,4,0.016958504915237427
405,7,4,0.016827959567308426
406,7,4,0.01669994369149208
407,7,4,0.016573119908571243
408,7,4,0.01644829288125038
409,7,4,0.016324864700436592
410,7,4,0.0162021666765213
411,7,4,0.016083326190710068
412,7,4,0.015964552760124207
413,7,4,0.015846777707338333
414,7,4,0.015732062980532646
415,7,4,0.01561734825372696
416,7,4,0.015504563227295876
417,7,4,0.015393374487757683
418,7,4,0.015283182263374329
419,7,4,0.015175117179751396
420,7,4,0.015068048611283302
421,7,4,0.01496238075196743
422,7,4,0.014857309870421886
423,7,4,0.014753639698028564
424,7,4,0.014650565572082996
425,7,4,0.014550418592989445
426,7,4,0.014452061615884304
427,7,4,0.014352449215948582
428,7,4,0.014254494570195675
429,7,4,0.014157939702272415
430,7,4,0.014063108712434769
431,7,4,0.013968084007501602
432,7,4,0.013876312412321568
433,7,4,0.013783750124275684
434,7,4,0.013692446053028107
435,7,4,0.01360300648957491
436,7,4,0.013513762503862381
437,7,4,0.013426383957266808
438,7,4,0.01333913765847683
439,7,4,0.013252757489681244
440,7,4,0.013168437406420708
441,7,4,0.01308411918580532
442,7,4,0.013001123443245888
443,7,4,0.01291833445429802
444,7,4,0.012836077250540257
445,7,4,0.012756476178765297
446,7,4,0.012676810845732689
447,7,4,0.012598543427884579
448,7,4,0.012520277872681618
449,7,4,0.01244320534169674
450,7,4,0.01236672792583704
451,7,4,0.012289656326174736
452,7,4,0.012215045280754566
453,7,4,0.01214103028178215
454,7,4,0.01206888072192669
455,7,4,0.011997058987617493
456,7,4,0.011924443766474724
457,7,4,0.011853422969579697
458,7,4,0.011782066896557808
459,7,4,0.011713571846485138
460,7,4,0.011644676327705383
461,7,4,0.011576714925467968
462,7,4,0.011507757008075714
463,7,4,0.011440987698733807
464,7,4,0.011375149711966515
465,7,4,0.011309314519166946
466,7,4,0.01124434545636177
467,7,4,0.011180039495229721
468,7,4,0.011116795241832733
469,7,4,0.011052954941987991
470,7,4,0.010990708135068417
471,7,4,0.010929523035883904
472,7,4,0.010867615230381489
473,7,4,0.010805965401232243
474,7,4,0.010746777057647705
475,7,4,0.010686992667615414
476,7,4,0.010627338662743568
477,7,4,0.01056874729692936
478,7,4,0.010512085631489754
479,7,4,0.010453300550580025
480,7,4,0.010396834462881088
481,7,4,0.010340173728764057
482,7,4,0.01028451044112444
483,7,4,0.010229909792542458
484,7,4,0.010173380374908447
485,7,4,0.01012030802667141
486,7,4,0.010066704824566841
487,7,4,0.010012766346335411
488,7,4,0.009959100745618343
489,7,4,0.009906625375151634
490,7,4,0.009854746982455254
491,7,4,0.009803205728530884
492,7,4,0.009752855636179447
493,7,4,0.009702312760055065
494,7,4,0.009651031345129013
495,7,4,0.009601885452866554
496,7,4,0.009552533738315105
497,7,4,0.009503248147666454
498,7,4,0.009454297833144665
499,7,4,0.009405944496393204
500,7,4,0.009359119459986687
